{
  "task": "caco2",
  "tdc_name": "Caco2_Wang",
  "task_type": "regression",
  "metric": "mae",
  "sota": 0.256,
  "mean": 0.279434349496982,
  "std": 0.0007671129952713824,
  "seeds": [
    0.2797691270093529,
    0.27837329607539935,
    0.28016062540619363
  ],
  "n_train": 637,
  "n_val": 91,
  "n_test": 182,
  "feature_dim": 2572
}