{
  "task": "cyp2c19",
  "tdc_name": "CYP2C19_Veith",
  "task_type": "classification",
  "metric": "auroc",
  "sota": 0.9,
  "mean": 0.8937607229293771,
  "std": 0.0011040106104916098,
  "seeds": [
    0.89465565562757,
    0.8944212190080713,
    0.8922052941524898
  ],
  "n_train": 8865,
  "n_val": 1266,
  "n_test": 2534,
  "feature_dim": 2572
}