{
  "task": "cyp2c9",
  "tdc_name": "CYP2C9_Veith",
  "task_type": "classification",
  "metric": "auprc",
  "sota": 0.859,
  "mean": 0.8564668457488888,
  "std": 0.0005769114109602379,
  "seeds": [
    0.8561354912962844,
    0.8559868501987795,
    0.8572781957516021
  ],
  "n_train": 8464,
  "n_val": 1209,
  "n_test": 2419,
  "feature_dim": 2872,
  "use_gin": true
}